{"training_loss:": 0.010598987340927124, "_timestamp": 1709744119.639439, "_runtime": 238.6533842086792, "_step": 524, "test_images": {"_type": "images/separated", "width": 28, "height": 28, "format": "png", "count": 1, "filenames": ["media/images/test_images_523_79a9f20b84cb951d2347.png"], "captions": ["Pred: 2, Actual: 7"]}, "testing_loss:": 0.05853691921234131, "_wandb": {"runtime": 238}}