{"training_loss:": 2.3174502849578857, "_timestamp": 1709737915.4297497, "_runtime": 90.23944973945618, "_step": 189, "testing_loss:": 2.312880078125, "_wandb": {"runtime": 89}}