{"training_loss:": 0.015762509778141975, "_timestamp": 1709739704.1887696, "_runtime": 30.020824670791626, "_step": 93, "_wandb": {"runtime": 29}}