{"training_loss:": 0.0094789182767272, "_timestamp": 1709740475.7876022, "_runtime": 202.10598611831665, "_step": 379, "testing_loss:": 0.04549071741104126, "_wandb": {"runtime": 201}}