{"training_loss:": 0.7080952525138855, "_timestamp": 1709739932.0175092, "_runtime": 33.730446338653564, "_step": 94, "testing_loss:": 0.8106241943359375, "_wandb": {"runtime": 33}}