{"training_loss:": 0.5312678217887878, "_timestamp": 1709739579.638468, "_runtime": 25.20860505104065, "_step": 76, "_wandb": {"runtime": 24}}